{
  "schemaName": "audit_log_schema",
  "dimensionFieldSpecs": [
    {
      "name": "TenantID",
      "dataType": "STRING"
    },
    {
      "name": "Request",
      "dataType": "STRING"
    },
    {
      "name": "Response",
      "dataType": "STRING"
    },
    {
      "name": "APIEndpoint",
      "dataType": "STRING"
    }
  ],
  "dateTimeFieldSpecs": [
    {
      "name": "TimestampInEpoch",
      "dataType": "LONG",
      "format": "1:MILLISECONDS:EPOCH",
      "granularity": "1:MILLISECONDS"
    },
    {
      "name": "Timestamp",
      "dataType": "STRING",
      "format": "1:HOURS:SIMPLE_DATE_FORMAT:yyyy/MM/dd HH:mm:ss",
      "granularity": "1:SECONDS"
    }
  ]
}
