{
  "schemaName": "cilium_metrics_demo17thmarch",
  "dimensionFieldSpecs": [
    {
      "name": "verdict",
      "dataType": "STRING"
    },
	{
      "name": "Type",
      "dataType": "STRING"
    },
	{
      "name": "node_name",
      "dataType": "STRING"
    },
	{
      "name": "traffic_direction",
      "dataType": "STRING"
    },
	{
      "name": "Summary",
      "dataType": "STRING"
    }
  ],
  "dateTimeFieldSpecs": [{
    "name": "timestampInEpoch",
    "dataType": "LONG",
    "format" : "1:MILLISECONDS:EPOCH",
    "granularity": "1:MILLISECONDS"
  }]
}