{
	"schemaName": "cilium_flow_info",
	"dimensionFieldSpecs": [
		 {
      "name": "workload",
      "dataType": "INT"
    },
    {
      "name": "instanceGroup",
      "dataType": "LONG"
    },
    {
      "name": "instanceId",
      "dataType": "LONG"
    },
		{
			"name": "cluster_name",
			"dataType": "STRING"
		},
		{
			"name": "flow_time",
			"dataType": "STRING"
		},
		{
			"name": "flow_verdict",
			"dataType": "STRING"
		},
		{
			"name": "flow_IP_source",
			"dataType": "STRING"
		},
		{
			"name": "flow_IP_destination",
			"dataType": "STRING"
		},
		{
			"name": "flow_IP_ipVersion",
			"dataType": "STRING"
		},
		
		
		{
			"name": "flow_source_ID",
			"dataType": "LONG"
		},
		{
			"name": "flow_source_identity",
			"dataType": "LONG"
		},
		{
			"name": "flow_source_namespace",
			"dataType": "STRING"
		},
		{
			"name": "flow_source_labels_Array",
			"dataType": "STRING"
		},
		{
			"name": "flow_source_pod_name",
			"dataType": "STRING"
		},
		{
			"name": "flow_destination_ID",
			"dataType": "LONG"
		},
		{
			"name": "flow_destination_identity",
			"dataType": "LONG"
		},
		{
			"name": "flow_destination_namespace",
			"dataType": "STRING"
		},
		{
			"name": "flow_destination_labels_Array",
			"dataType": "STRING"
		},
		{
			"name": "flow_destination_pod_name",
			"dataType": "STRING"
		},
		{
			"name": "flow_Type",
			"dataType": "STRING"
		},
		{
			"name": "flow_node_name",
			"dataType": "STRING"
		},
		{
			"name": "flow_l7_type",
			"dataType": "STRING"
		},
		{
			"name": "flow_l7_dns_query",
			"dataType": "STRING"
		},
		{
			"name": "flow_l7_dns_observation_source",
			"dataType": "STRING"
		},
		{
			"name": "flow_l7_dns_qtypes_Array",
			"dataType": "STRING"
		},
		{
			"name": "flow_event_type_Type",
			"dataType": "LONG"
		},
		{
			"name": "flow_traffic_direction",
			"dataType": "STRING"
		},
		{
			"name": "flow_Summary",
			"dataType": "STRING"
		},
		{
			"name": "node_name",
			"dataType": "STRING"
		},
		{
			"name": "tenant_id",
			"dataType": "LONG"
		},
		{
			"name": "cluster_id",
			"dataType": "LONG"
		},
		{
			"name": "flow_drop_reason",
			"dataType": "LONG"
		},
		{
			"name": "flow_destination_service",
			"dataType": "STRING"
		},
		{
			"name": "flow_drop_reason_desc",
			"dataType": "STRING"
		},
		{
			"name": "flow_ethernet_destination",
			"dataType": "STRING"
		},
		{
			"name": "flow_ethernet_source",
			"dataType": "STRING"
		},
		{
			"name": "flow_event_type_sub_type",
			"dataType": "LONG"
		},
		{
			"name": "flow_l4_TCP_destination_port",
			"dataType": "LONG"
		},
		{
			"name": "flow_l4_TCP_flags_SYN",
			"dataType": "STRING"
		},
		{
			"name": "flow_l4_TCP_source_port",
			"dataType": "LONG"
		},
		{
			"name": "flow_l7_dns_ips_Array",
			"dataType": "STRING"
		},
		{
			"name": "flow_l7_dns_ttl",
			"dataType": "LONG"
		},
		{
			"name": "flow_l7_dns_rrtypes_Array",
			"dataType": "STRING"
		},
		{
			"name": "flow_reply",
			"dataType": "STRING"
		},
		{
			"name": "flow_l4_UDP_source_port",
			"dataType": "LONG"
		},
		{
			"name": "flow_l4_UDP_destination_port",
			"dataType": "STRING"
		},
      
		{
			"name": "flow_is_reply",
			"dataType": "STRING"
		},
		{
			"name": "flow_l4_ICMPv6_type",
			"dataType": "LONG"
		},
		{
			"name": "flow_l4_ICMPv6_destination_port",
			"dataType": "LONG"
		},
		{
			"name": "flow_l4_ICMPv6_source_port",
			"dataType": "LONG"
		},
		{
			"name": "flow_l4_ICMPv6_flags_ACK",
			"dataType": "STRING"
		},
		{
			"name": "flow_l4_ICMPv6_flags_PSH",
			"dataType": "STRING"
		},
		{
			"name": "flow_l4_ICMPv6_flags_RST",
			"dataType": "STRING"
		},
		{
			"name": "flow_l4_ICMPv4_type",
			"dataType": "LONG"
		},
		{
			"name": "flow_l4_ICMPv4_destination_port",
			"dataType": "STRING"
		},
		{
			"name": "flow_l4_ICMPv4_source_port",
			"dataType": "LONG"
		},
		{
			"name": "flow_l4_ICMPv4_flags_ACK",
			"dataType": "STRING"
		},
		{
			"name": "flow_l4_ICMPv4_flags_PSH",
			"dataType": "STRING"
		},
		{
			"name": "flow_l4_ICMPv4_flags_RST",
			"dataType": "STRING"
		},
		{
			"name": "flow_l4_TCP_flags_PSH",
			"dataType": "STRING"
		},
		{
			"name": "flow_l4_TCP_flags_RST",
			"dataType": "STRING"
		},
		{
			"name": "flow_l7_http_code",
			"dataType": "LONG"
		},
		{
			"name": "flow_l7_http_headers",
			"dataType": "STRING"
		},
		{
			"name": "flow_l7_http_method",
			"dataType": "STRING"
		},
		{
			"name": "flow_l7_http_protocol",
			"dataType": "STRING"
		},
		{
			"name": "flow_l7_http_url",
			"dataType": "STRING"
		},
		{
			"name": "flow_l7_latency_ns",
			"dataType": "STRING"
		},
		{
			"name": "flow_trace_observation_point",
			"dataType": "STRING"
		},
		{
			"name": "protocolType",
			"dataType": "STRING"
		},
        {
            "dataType": "STRING",
            "name": "timeInMin"
        }
	],
	"dateTimeFieldSpecs": [{
    "name": "timestampInEpoch",
    "dataType": "LONG",
    "format" : "1:MILLISECONDS:EPOCH",
    "granularity": "1:MILLISECONDS"
  },
		{
			"name": "time",
			"dataType": "STRING",
			"format": "1:HOURS:SIMPLE_DATE_FORMAT:yyyy/MM/dd HH:mm:ss",
			"granularity": "1:SECONDS"
		}
	]
}
