{
	"schemaName": "data_protection_log_schema",
	"dimensionFieldSpecs": [
		 {
      "name": "data_domain_id",
      "dataType": "STRING"
    },
    {
      "name": "workspace_id",
      "dataType": "STRING"
    },
    {
      "name": "operation",
      "dataType": "STRING"
    },
		{
			"name": "database_name",
			"dataType": "STRING"
		},
		{
			"name": "operation_details",
      "maxLength": 2000,
			"dataType": "STRING"
		},
    {
			"name": "user",
			"dataType": "STRING"
		}
	],
	"dateTimeFieldSpecs": [
		{
			"name": "timestamp",
			"dataType": "STRING",
			"format": "1:HOURS:SIMPLE_DATE_FORMAT:yyyy/MM/dd HH:mm:ss'Z'",
			"granularity": "1:SECONDS"
		}
	]
}
