{
  "schemaName": "kubearmor_alerts",
  "dimensionFieldSpecs": [
	   {
      "name": "workload",
      "dataType": "INT"
    },
    {
      "name": "instanceGroup",
      "dataType": "LONG"
    },
    {
      "name": "instanceId",
      "dataType": "LONG"
    },
    {
      "name": "hostName",
      "dataType": "STRING"
    },
    {
      "name": "namespaceName",
      "dataType": "STRING"
    },
    {
      "name": "podName",
      "dataType": "STRING"
    },
    {
      "name": "containerID",
      "dataType": "STRING"
    },
    {
      "name": "containerName",
      "dataType": "STRING"
    },
    {
      "name": "hostPID",
      "dataType": "DOUBLE"
    },
    {
      "name": "pPID",
      "dataType": "DOUBLE"
    },
    {
      "name": "pID",
      "dataType": "DOUBLE"
    },
    {
      "name": "uID",
      "dataType": "DOUBLE"
    },
    {
      "name": "policyName",
      "dataType": "STRING"
    },
    {
      "name": "severity",
      "dataType": "STRING"
    },
    {
      "name": "type",
      "dataType": "STRING"
    },
    {
      "name": "source",
      "dataType": "STRING"
    },
    {
      "name": "operation",
      "dataType": "STRING"
    },
    {
      "name": "resource",
      "dataType": "STRING"
    },
    {
      "name": "data",
      "dataType": "STRING"
    },
    {
      "name": "action",
      "dataType": "STRING"
    },
    {
      "name": "result",
      "dataType": "STRING"
    },
    {
      "name": "componentName",
      "dataType": "STRING"
    },
    {
      "name": "clusterName",
      "dataType": "STRING"
    },
    {
			"name": "tenantId",
			"dataType": "LONG"
		},
		{
			"name": "clusterId",
			"dataType": "LONG"
		},
        {
            "dataType": "STRING",
            "name": "timeInMin"
        }
  ],
  "dateTimeFieldSpecs": [
        {
      "name": "timestampInEpoch",
      "dataType": "LONG",
      "format": "1:MILLISECONDS:EPOCH",
      "granularity": "1:MILLISECONDS"
    },
    {
      "name": "updatedTime",
      "dataType": "STRING",
      "format": "1:HOURS:SIMPLE_DATE_FORMAT:yyyy/MM/dd HH:mm:ss",
      "granularity": "1:SECONDS"
    }
  ]
}
