{
  "schemaName": "s3_audit_log_schema_v2",
  "dimensionFieldSpecs": [
    {
      "name": "sensitive_source_detail_id",
      "dataType": "INT"
    },
    {
      "name": "sensitive_source_id",
      "dataType": "INT"
    },
    {
      "name": "data_source_id",
      "dataType": "INT"
    },
    {
      "name": "workspace_id",
      "dataType": "LONG"
    },
    {
      "name": "log_file_name",
      "dataType": "STRING"
    },
    {
      "name": "bucket_owner",
      "dataType": "STRING"
    },
    {
      "name": "bucket",
      "dataType": "STRING"
    },
    {
      "name": "remote_ip",
      "dataType": "STRING"
    },
    {
      "name": "requester",
      "dataType": "STRING"
    },
    {
      "name": "request_id",
      "dataType": "STRING"
    },
    {
      "name": "operation",
      "dataType": "STRING"
    },
    {
      "name": "key",
      "dataType": "STRING"
    },
    {
      "name": "request_uri",
      "dataType": "STRING"
    },
    {
      "name": "http_status",
      "dataType": "LONG"
    },
    {
      "name": "error_code",
      "dataType": "STRING"
    },
    {
      "name": "bytes_sent",
      "dataType": "LONG"
    },
    {
      "name": "object_size",
      "dataType": "LONG"
    },
    {
      "name": "total_time",
      "dataType": "LONG"
    },
    {
      "name": "turn_around_time",
      "dataType": "LONG"
    },
    {
      "name": "referer",
      "dataType": "STRING"
    },
    {
      "name": "user_agent",
      "dataType": "STRING"
    },
    {
      "name": "version_id",
      "dataType": "STRING"
    },
    {
      "name": "host_id",
      "dataType": "STRING"
    },
    {
      "name": "signature_version",
      "dataType": "STRING"
    },
    {
      "name": "cipher_suite",
      "dataType": "STRING"
    },
    {
      "name": "authentication_type",
      "dataType": "STRING"
    },
    {
      "name": "host_header",
      "dataType": "STRING"
    },
    {
      "name": "tls_version",
      "dataType": "STRING"
    },
    {
      "name": "provider",
      "dataType": "STRING"
    }
  ],
  "dateTimeFieldSpecs": [
    {
      "name": "time",
      "dataType": "STRING",
      "format": "1:HOURS:SIMPLE_DATE_FORMAT:yyyy-MM-dd'T'HH:mm:ss'Z'",
      "granularity": "1:SECONDS"
    }
  ]
}
