{
	"schemaName": "vae_alerts",
	"dimensionFieldSpecs": [
		 {
      "name": "workload",
      "dataType": "INT"
    },
    {
      "name": "instanceGroup",
      "dataType": "LONG"
    },
    {
      "name": "instanceId",
      "dataType": "LONG"
    },
		{
			"name": "cluster_name",
			"dataType": "STRING"
		},
		{
			"name": "tenantId",
			"dataType": "LONG"
		},
		{
			"name": "clusterId",
			"dataType": "LONG"
		},
		{
			"name": "namespace",
			"dataType": "STRING"
		},
		{
			"name": "node_name",
			"dataType": "STRING"
		},
		{
			"name": "training_phase",
			"dataType": "STRING"
		},
		{
			"name": "alert",
			"dataType": "STRING"
		},

		{
			"name": "training_length",
			"dataType": "STRING"
		},
		{
			"name": "total_training_length",
			"dataType": "STRING"
		},
		{
			"name": "id",
			"dataType": "STRING"
		},
		{
			"name": "container_name",
			"dataType": "STRING"
		},

		{
			"name": "container_resources_cpu",
			"dataType": "DOUBLE"
		},
		{
			"name": "container_resources_mem",
			"dataType": "LONG"
		},

		{
			"name": "container_resources_block_read",
			"dataType": "LONG"
		},
		{
			"name": "container_resources_block_write",
			"dataType": "LONG"
		},
		{
			"name": "container_resources_net_in",
			"dataType": "LONG"
		},
		{
			"name": "container_resources_net_out",
			"dataType": "LONG"
		},
		{
			"name": "container_resources_proc_count",
			"dataType": "LONG"
		},
		{
			"name": "process_activity_exec",
			"dataType": "LONG"
		},
		{
			"name": "process_activity_kill",
			"dataType": "LONG"
		},
		{
			"name": "process_activity_fork",
			"dataType": "LONG"
		},

		{
			"name": "file_activity_open",
			"dataType": "LONG"
		},
		{
			"name": "file_activity_delete",
			"dataType": "LONG"
		},
		{
			"name": "file_activity_create",
			"dataType": "LONG"
		},
		{
			"name": "file_activity_chmod",
			"dataType": "LONG"
		},
		{
			"name": "file_activity_chown",
			"dataType": "LONG"
		},
		{
			"name": "file_activity_mkdir",
			"dataType": "LONG"
		},
		{
			"name": "network_activity_in_connections",
			"dataType": "LONG"
		},
		{
			"name": "network_activity_out_connections",
			"dataType": "LONG"
		},

		{
			"name": "network_activity_listen_port_count",
			"dataType": "LONG"
		},
		{
			"name": "network_activity_inbound_unique_ip",
			"dataType": "LONG"
		},
		{
			"name": "network_activity_outbound_unique_ip",
			"dataType": "LONG"
		},
		{
			"name": "network_activity_dns_query_count",
			"dataType": "LONG"
		},
		{
			"name": "network_activity_inbound_tcp_byte_count",
			"dataType": "LONG"
		},
		{
			"name": "network_activity_outbound_tcp_byte_count",
			"dataType": "LONG"
		},
		{
			"name": "image",
			"dataType": "STRING"
		},
		{
			"name": "severity",
			"dataType": "STRING"
		},
		{
			"name": "status",
			"dataType": "STRING"
		},
		{
			"name": "state",
			"dataType": "STRING"
		},

		{
			"name": "command",
			"dataType": "STRING"
		},
		{
			"name": "reconstruction_error",
			"dataType": "DOUBLE"
		},
		{
			"name": "baseline",
			"dataType": "DOUBLE"
		}
	],
	"dateTimeFieldSpecs": [{
		"name": "timestamp",
		"dataType": "LONG",
		"format": "1:MILLISECONDS:EPOCH",
		"granularity": "1:MILLISECONDS"
	}]
}
