{
    "clientId": "accuknox-ui",
    "rootUrl": "https://keycloak-onprem.accuknox.com/*",
    "adminUrl": "https://keycloak-onprem.accuknox.com/",
    "surrogateAuthRequired": false,
    "enabled": true,
    "alwaysDisplayInConsole": false,
    "clientAuthenticatorType": "client-secret",
    "redirectUris": [
        "https://keycloak-onprem.accuknox.com/*",
        "http://localhost:3000/*"
    ],
    "webOrigins": [
        "https://keycloak-onprem.accuknox.com"
    ],
    "notBefore": 0,
    "bearerOnly": false,
    "consentRequired": false,
    "standardFlowEnabled": true,
    "implicitFlowEnabled": false,
    "directAccessGrantsEnabled": true,
    "serviceAccountsEnabled": true,
    "publicClient": false,
    "frontchannelLogout": false,
    "protocol": "openid-connect",
    "attributes": {
        "saml.assertion.signature": "false",
        "saml.force.post.binding": "false",
        "saml.multivalued.roles": "false",
        "saml.encrypt": "false",
        "backchannel.logout.revoke.offline.tokens": "false",
        "saml.server.signature": "false",
        "saml.server.signature.keyinfo.ext": "false",
        "exclude.session.state.from.auth.response": "false",
        "backchannel.logout.session.required": "true",
        "client_credentials.use_refresh_token": "false",
        "saml_force_name_id_format": "false",
        "saml.client.signature": "false",
        "tls.client.certificate.bound.access.tokens": "false",
        "saml.authnstatement": "false",
        "display.on.consent.screen": "false",
        "saml.onetimeuse.condition": "false"
    },
    "authenticationFlowBindingOverrides": {},
    "fullScopeAllowed": true,
    "nodeReRegistrationTimeout": -1,
    "protocolMappers": [
        {
            "name": "Client ID",
            "protocol": "openid-connect",
            "protocolMapper": "oidc-usersessionmodel-note-mapper",
            "consentRequired": false,
            "config": {
                "user.session.note": "clientId",
                "userinfo.token.claim": "true",
                "id.token.claim": "true",
                "access.token.claim": "true",
                "claim.name": "clientId",
                "jsonType.label": "String"
            }
        },
        {
            "name": "Client Host",
            "protocol": "openid-connect",
            "protocolMapper": "oidc-usersessionmodel-note-mapper",
            "consentRequired": false,
            "config": {
                "user.session.note": "clientHost",
                "userinfo.token.claim": "true",
                "id.token.claim": "true",
                "access.token.claim": "true",
                "claim.name": "clientHost",
                "jsonType.label": "String"
            }
        },
        {
            "name": "Client IP Address",
            "protocol": "openid-connect",
            "protocolMapper": "oidc-usersessionmodel-note-mapper",
            "consentRequired": false,
            "config": {
                "user.session.note": "clientAddress",
                "userinfo.token.claim": "true",
                "id.token.claim": "true",
                "access.token.claim": "true",
                "claim.name": "clientAddress",
                "jsonType.label": "String"
            }
        }
    ],
    "defaultClientScopes": [
        "web-origins",
        "role_list",
        "roles"
    ],
    "optionalClientScopes": [
        "address",
        "phone",
        "offline_access",
        "microprofile-jwt"
    ],
    "access": {
        "view": true,
        "configure": true,
        "manage": true
    }
}