{
  "id": "accuknox",
  "realm": "accuknox",
  "notBefore": 0,
  "revokeRefreshToken": false,
  "refreshTokenMaxReuse": 0,
  "accessTokenLifespan": 43200,
  "accessTokenLifespanForImplicitFlow": 900,
  "ssoSessionIdleTimeout": 1296000,
  "ssoSessionMaxLifespan": 1296000,
  "ssoSessionIdleTimeoutRememberMe": 0,
  "ssoSessionMaxLifespanRememberMe": 0,
  "offlineSessionIdleTimeout": 2592000,
  "offlineSessionMaxLifespanEnabled": true,
  "offlineSessionMaxLifespan": 5184000,
  "clientSessionIdleTimeout": 0,
  "clientSessionMaxLifespan": 0,
  "clientOfflineSessionIdleTimeout": 0,
  "clientOfflineSessionMaxLifespan": 0,
  "accessCodeLifespan": 60,
  "accessCodeLifespanUserAction": 300,
  "accessCodeLifespanLogin": 1800,
  "actionTokenGeneratedByAdminLifespan": 43200,
  "actionTokenGeneratedByUserLifespan": 300,
  "enabled": true,
  "sslRequired": "external",
  "registrationAllowed": true,
  "registrationEmailAsUsername": false,
  "rememberMe": true,
  "verifyEmail": true,
  "loginWithEmailAllowed": true,
  "duplicateEmailsAllowed": false,
  "resetPasswordAllowed": true,
  "editUsernameAllowed": true,
  "bruteForceProtected": false,
  "permanentLockout": false,
  "maxFailureWaitSeconds": 900,
  "minimumQuickLoginWaitSeconds": 60,
  "waitIncrementSeconds": 60,
  "quickLoginCheckMilliSeconds": 1000,
  "maxDeltaTimeSeconds": 43200,
  "failureFactor": 30,
  "roles": {
    "realm": [
      {
        "id": "229843b6-933e-4e82-bb35-b5899e3464d1",
        "name": "update_user_profile",
        "description": "Update user's profile.",
        "composite": false,
        "clientRole": false,
        "containerId": "accuknox",
        "attributes": {
          "display_name": [
            "Update user's profile"
          ],
          "module": [
            "account"
          ]
        }
      },
      {
        "id": "62923dcb-11d2-4782-a782-2051ced42831",
        "name": "get_datapipeline_telemetry",
        "description": "get-datapipeline-telemetry",
        "composite": false,
        "clientRole": false,
        "containerId": "accuknox",
        "attributes": {
          "display_name": [
            "get-datapipeline-telemetry"
          ],
          "module": [
            "datapipeline"
          ]
        }
      },
      {
        "id": "dc608688-bbe8-4d6d-a50a-140807cbf262",
        "name": "inactive_policy",
        "description": "Inactive policy.",
        "composite": false,
        "clientRole": false,
        "containerId": "accuknox",
        "attributes": {
          "display_name": [
            "Inactive policy"
          ],
          "module": [
            "policy"
          ]
        }
      },
      {
        "id": "60209b36-8e71-43cf-be0e-e0089e1a0aa4",
        "name": "get_training_instances",
        "description": "Get training instances",
        "composite": false,
        "clientRole": false,
        "containerId": "accuknox",
        "attributes": {
          "display_name": [
            "Get training instances"
          ],
          "module": [
            "vae"
          ]
        }
      },
      {
        "id": "3f2cad41-2733-4054-b69c-cc8555adba5d",
        "name": "create_users",
        "description": "Create users in workspace.",
        "composite": false,
        "clientRole": false,
        "containerId": "accuknox",
        "attributes": {
          "display_name": [
            "Create new users"
          ],
          "module": [
            "account"
          ]
        }
      },
      {
        "id": "83778515-f163-4cf0-9b16-9ff68c81f824",
        "name": "get_policy",
        "description": "Get policy.",
        "composite": false,
        "clientRole": false,
        "containerId": "accuknox",
        "attributes": {
          "display_name": [
            "Get policy"
          ],
          "module": [
            "policy"
          ]
        }
      },
      {
        "id": "358c7e59-449e-443c-aeae-b900b1d6c7b3",
        "name": "activate_users",
        "description": "Activate users.",
        "composite": false,
        "clientRole": false,
        "containerId": "accuknox",
        "attributes": {
          "display_name": [
            "Activate users"
          ],
          "module": [
            "account"
          ]
        }
      },
      {
        "id": "144b39cc-706f-4744-9917-ab4dd9a28001",
        "name": "invite_users",
        "description": "Invite users to workspace.",
        "composite": false,
        "clientRole": false,
        "containerId": "accuknox",
        "attributes": {
          "display_name": [
            "Invite users to workspace"
          ],
          "module": [
            "account"
          ]
        }
      },
      {
        "id": "aa503742-5411-4c35-ae48-fe523ac872d8",
        "name": "edit_label",
        "description": "edit_label",
        "composite": false,
        "clientRole": false,
        "containerId": "accuknox",
        "attributes": {
          "module": [
            "policy"
          ],
          "dislplay_name": [
            "edit_label"
          ]
        }
      },
      {
        "id": "2d6326db-67e0-47b2-9cd8-a48c6d43e76d",
        "name": "deactivate_users",
        "description": "Deactivate users.",
        "composite": false,
        "clientRole": false,
        "containerId": "accuknox",
        "attributes": {
          "display_name": [
            "Deactivate users"
          ],
          "module": [
            "account"
          ]
        }
      },
      {
        "id": "b7ba6d19-c265-44e9-ab56-406f264874fb",
        "name": "delete_policy",
        "description": "Delete policy.",
        "composite": false,
        "clientRole": false,
        "containerId": "accuknox",
        "attributes": {
          "display_name": [
            "Delete policy"
          ],
          "module": [
            "policy"
          ]
        }
      },
      {
        "id": "c31e85e1-3c22-476e-ae0c-34be4dcf20b4",
        "name": "get_datapipeline_channel",
        "description": "get_datapipeline_channel",
        "composite": false,
        "clientRole": false,
        "containerId": "accuknox",
        "attributes": {
          "display_name": [
            "get_datapipeline_channel"
          ],
          "module": [
            "datapipeline"
          ]
        }
      },
      {
        "id": "242afddc-67a3-4092-8f00-d5e7b50fc9f8",
        "name": "add_policy",
        "description": "Add policy.",
        "composite": false,
        "clientRole": false,
        "containerId": "accuknox",
        "attributes": {
          "display_name": [
            "Add policy"
          ],
          "module": [
            "policy"
          ]
        }
      },
      {
        "id": "469bee35-e462-4701-8214-9a15acb21988",
        "name": "delete_datapipeline_filters",
        "description": "delete_datapipeline_filters",
        "composite": false,
        "clientRole": false,
        "containerId": "accuknox",
        "attributes": {
          "display_name": [
            "delete_datapipeline_filters"
          ],
          "module": [
            "datapipeline"
          ]
        }
      },
      {
        "id": "babc280e-8c3d-4e73-b58e-baa0abd257d7",
        "name": "get_labels",
        "description": "get_labels",
        "composite": false,
        "clientRole": false,
        "containerId": "accuknox",
        "attributes": {
          "display_name": [
            "get_labels"
          ],
          "module": [
            "policy"
          ]
        }
      },
      {
        "id": "a357a892-3b3b-424e-a7b8-4e7d10bc9427",
        "name": "offline_access",
        "description": "${role_offline-access}",
        "composite": false,
        "clientRole": false,
        "containerId": "accuknox",
        "attributes": {}
      },
      {
        "id": "3cfa24ac-674d-4cf4-8f75-7d8721e7a1d9",
        "name": "view_delete_flagged_destination_profile",
        "description": "View delete flagged destination profile",
        "composite": false,
        "clientRole": false,
        "containerId": "accuknox",
        "attributes": {
          "display_name": [
            "View delete flagged destination profile"
          ],
          "module": [
            "scoop"
          ]
        }
      },
      {
        "id": "2fcaac00-7080-4087-a782-7000debfb445",
        "name": "delete_sensitive_source_label",
        "description": "Delete sensitive source label",
        "composite": false,
        "clientRole": false,
        "containerId": "accuknox",
        "attributes": {
          "display_name": [
            "Delete sensitive source label"
          ],
          "module": [
            "scoop"
          ]
        }
      },
      {
        "id": "11951180-8b91-4af9-9cfa-1ae17cb895c5",
        "name": "config_flagged_destn_profiles",
        "description": "Configure flagged destination profiles.",
        "composite": false,
        "clientRole": false,
        "containerId": "accuknox",
        "attributes": {
          "display_name": [
            "Configure flagged destination profiles"
          ],
          "module": [
            "scoop"
          ]
        }
      },
      {
        "id": "2a021cc4-1a8e-4f08-a606-a209e71606d7",
        "name": "view_list_of_sensitive_source_labls",
        "description": "View List of sensitive source labels",
        "composite": false,
        "clientRole": false,
        "containerId": "accuknox",
        "attributes": {
          "display_name": [
            "View List of sensitive source labels"
          ]
        }
      },
      {
        "id": "5fd3fbbf-6504-4cc0-8fc1-9560b61e4967",
        "name": "delete_tags",
        "description": "delete_tags",
        "composite": false,
        "clientRole": false,
        "containerId": "accuknox",
        "attributes": {
          "display_name": [
            "delete_tags"
          ],
          "module": [
            "policy"
          ]
        }
      },
      {
        "id": "20f4c377-76b2-4180-bb74-89d520864ff4",
        "name": "edit_policy",
        "description": "Edit policy.",
        "composite": false,
        "clientRole": false,
        "containerId": "accuknox",
        "attributes": {
          "display_name": [
            "Edit policy"
          ],
          "module": [
            "policy"
          ]
        }
      },
      {
        "id": "749a9033-58b0-49f4-a490-121e21007e91",
        "name": "get_datapipeline_filters",
        "description": "get-datapipeline-filters",
        "composite": false,
        "clientRole": false,
        "containerId": "accuknox",
        "attributes": {
          "display_name": [
            "Get_datapipeline-filters"
          ],
          "module": [
            "datapipeline"
          ]
        }
      },
      {
        "id": "71ed0d36-8865-44b7-8543-d8491a48d3a8",
        "name": "delete_label_entities",
        "description": "delete_label_entities",
        "composite": false,
        "clientRole": false,
        "containerId": "accuknox",
        "attributes": {
          "display_name": [
            "delete_label_entities"
          ],
          "module": [
            "policy"
          ]
        }
      },
      {
        "id": "249512d1-e3db-4b54-b226-6ae3613c2479",
        "name": "get_user_profile",
        "description": "Get user's profile.",
        "composite": false,
        "clientRole": false,
        "containerId": "accuknox",
        "attributes": {
          "display_name": [
            "View user's profile"
          ],
          "module": [
            "account"
          ]
        }
      },
      {
        "id": "1700fd8d-19f0-48d9-98dc-e824caacb9f6",
        "name": "get_all_nodes",
        "description": "Get all nodes.",
        "composite": false,
        "clientRole": false,
        "containerId": "accuknox",
        "attributes": {
          "display_name": [
            "Get all nodes"
          ],
          "module": [
            "cluster"
          ]
        }
      },
      {
        "id": "40bd1635-9c26-414c-90e5-43d941a0e3ba",
        "name": "create_tags",
        "description": "create_tags",
        "composite": false,
        "clientRole": false,
        "containerId": "accuknox",
        "attributes": {
          "display_name": [
            "create_tags"
          ],
          "module": [
            "policy"
          ]
        }
      },
      {
        "id": "3ab419ed-ce74-414f-8040-d455af978b31",
        "name": "archive",
        "description": "Archive",
        "composite": false,
        "clientRole": false,
        "containerId": "accuknox",
        "attributes": {
          "display_name": [
            "Archive"
          ]
        }
      },
      {
        "id": "032c3f33-5e23-4eae-8c97-7520bf877621",
        "name": "cancel_invites",
        "description": "Cancel invites.",
        "composite": false,
        "clientRole": false,
        "containerId": "accuknox",
        "attributes": {
          "display_name": [
            "Cancel invites"
          ],
          "module": [
            "account"
          ]
        }
      },
      {
        "id": "4e615c75-8cdc-49e3-990e-4b1ed83babd4",
        "name": "delete_label",
        "description": "delete_label",
        "composite": false,
        "clientRole": false,
        "containerId": "accuknox",
        "attributes": {
          "display_name": [
            "delete_label"
          ],
          "module": [
            "policy"
          ]
        }
      },
      {
        "id": "67ad42af-a47c-4336-b770-eee6b18285de",
        "name": "get_roles",
        "description": "Get roles in workspace.",
        "composite": false,
        "clientRole": false,
        "containerId": "accuknox",
        "attributes": {
          "display_name": [
            "Get roles in workspace"
          ],
          "module": [
            "account"
          ]
        }
      },
      {
        "id": "f462bff8-61ae-4806-844f-8e23d87ee258",
        "name": "delete_datapipeline_triggers",
        "description": "delete_datapipeline_triggers",
        "composite": false,
        "clientRole": false,
        "containerId": "accuknox",
        "attributes": {
          "display_name": [
            "Delete_datapipeline_triggers"
          ],
          "module": [
            "datapipeline"
          ]
        }
      },
      {
        "id": "97703cd6-55f8-40a7-9f85-4563e651a16c",
        "name": "get_all_namespaces",
        "description": "Get all namespaces.",
        "composite": false,
        "clientRole": false,
        "containerId": "accuknox",
        "attributes": {
          "display_name": [
            "Get all namespaces"
          ],
          "module": [
            "cluster"
          ]
        }
      },
      {
        "id": "94a3393e-cf24-4a97-991f-f644f5f0d662",
        "name": "add_entities",
        "description": "add_entities",
        "composite": false,
        "clientRole": false,
        "containerId": "accuknox",
        "attributes": {
          "display_name": [
            "add_entities"
          ],
          "module": [
            "policy"
          ]
        }
      },
      {
        "id": "fe6b474a-16ed-46b3-8b83-e8694d5b7a92",
        "name": "create_labels",
        "description": "create_labels",
        "composite": false,
        "clientRole": false,
        "containerId": "accuknox",
        "attributes": {
          "display_name": [
            "create_labels"
          ],
          "module": [
            "policy"
          ]
        }
      },
      {
        "id": "7b1cc830-8200-4eb0-b2bf-ecc35c905f1a",
        "name": "update_sensitive_source_label",
        "description": "Update sensitive source label",
        "composite": false,
        "clientRole": false,
        "containerId": "accuknox",
        "attributes": {
          "display_name": [
            "Update sensitive source label"
          ],
          "module": [
            "scoop"
          ]
        }
      },
      {
        "id": "c86405bf-5092-4c7e-8210-fbbad2133a50",
        "name": "get_all_pods",
        "description": "Get all pods.",
        "composite": false,
        "clientRole": false,
        "containerId": "accuknox",
        "attributes": {
          "display_name": [
            "Get all pods"
          ],
          "module": [
            "cluster"
          ]
        }
      },
      {
        "id": "b4bf1ca3-9b27-41fd-9e84-2d30899496c5",
        "name": "active_policy",
        "description": "Active policy.",
        "composite": false,
        "clientRole": false,
        "containerId": "accuknox",
        "attributes": {
          "display_name": [
            "Active policy"
          ],
          "module": [
            "policy"
          ]
        }
      },
      {
        "id": "f4703ba6-e57a-4f02-8688-484514f5c536",
        "name": "get_ws_details",
        "composite": false,
        "clientRole": false,
        "containerId": "accuknox",
        "attributes": {
          "display_name": [
            "Get workspace details"
          ],
          "module": [
            "account"
          ]
        }
      },
      {
        "id": "6bed491d-3c18-4159-8942-c1ced4dae72f",
        "name": "save_datapipeline_filters",
        "description": "save-datapipeline-filters",
        "composite": false,
        "clientRole": false,
        "containerId": "accuknox",
        "attributes": {
          "display_name": [
            "save-datapipeline-filters"
          ]
        }
      },
      {
        "id": "02603749-e8c5-4ba0-8018-bb4e3c884e37",
        "name": "get_temporal_workflows",
        "description": "get_temporal_workflows",
        "composite": false,
        "clientRole": false,
        "containerId": "accuknox",
        "attributes": {
          "display_name": [
            "get_temporal_workflows"
          ],
          "module": [
            "datapipeline"
          ]
        }
      },
      {
        "id": "787d6fdd-8e31-4bf0-8a9b-31d7efce5e5e",
        "name": "get_all_containers",
        "description": "Get all containers.",
        "composite": false,
        "clientRole": false,
        "containerId": "accuknox",
        "attributes": {
          "display_name": [
            "Get all containers"
          ],
          "module": [
            "cluster"
          ]
        }
      },
      {
        "id": "5c28ca39-bdf7-426d-92df-f04d4a6bb5f9",
        "name": "create_training_instances",
        "description": "Create training instances",
        "composite": false,
        "clientRole": false,
        "containerId": "accuknox",
        "attributes": {
          "display_name": [
            "Create training instances"
          ],
          "module": [
            "vae"
          ]
        }
      },
      {
        "id": "9e1bbb86-6d5f-4820-9540-ca8b1c369641",
        "name": "config_sensitive_source_labels",
        "description": "Configure sensitive source labels.",
        "composite": false,
        "clientRole": false,
        "containerId": "accuknox",
        "attributes": {
          "display_name": [
            "Configure sensitive source labels"
          ],
          "module": [
            "scoop"
          ]
        }
      },
      {
        "id": "7b848977-b482-4dfb-9720-6292aa63ea25",
        "name": "create_roles",
        "description": "Create roles in workspace.",
        "composite": false,
        "clientRole": false,
        "containerId": "accuknox",
        "attributes": {
          "display_name": [
            "Create roles in workspace"
          ],
          "module": [
            "account"
          ]
        }
      },
      {
        "id": "2aaf28b1-3d0a-44fe-bc01-78a0ae2a568e",
        "name": "uma_authorization",
        "description": "${role_uma_authorization}",
        "composite": false,
        "clientRole": false,
        "containerId": "accuknox",
        "attributes": {}
      },
      {
        "id": "8ce393cc-0ba7-4128-8dc8-2952c535b2e6",
        "name": "update_datapipeline_filters",
        "description": "update-datapipeline-filters",
        "composite": false,
        "clientRole": false,
        "containerId": "accuknox",
        "attributes": {
          "display_name": [
            "update-datapipeline-filters"
          ],
          "module": [
            "datapipeline"
          ]
        }
      },
      {
        "id": "e600abc1-5376-41fa-b819-62f02e774959",
        "name": "update_datasources",
        "description": "Update datasources",
        "composite": false,
        "clientRole": false,
        "containerId": "accuknox",
        "attributes": {
          "display_name": [
            "Update datasources"
          ],
          "module": [
            "scoop"
          ]
        }
      },
      {
        "id": "37d9b8b3-4740-4c5d-ae6d-46957c15c333",
        "name": "approve_policy",
        "description": "Approve policy",
        "composite": false,
        "clientRole": false,
        "containerId": "accuknox",
        "attributes": {
          "display_name": [
            "Approve policy"
          ],
          "module": [
            "policy"
          ]
        }
      },
      {
        "id": "4d7f2230-2976-4274-be41-851661d410dd",
        "name": "config_data_sources",
        "description": "Configure data sources.",
        "composite": false,
        "clientRole": false,
        "containerId": "accuknox",
        "attributes": {
          "display_name": [
            "Configure data sources"
          ],
          "module": [
            "scoop"
          ]
        }
      },
      {
        "id": "6508e398-2cfc-41ba-9885-678d500e3d4e",
        "name": "delete_roles",
        "description": "Delete roles in workspace.",
        "composite": false,
        "clientRole": false,
        "containerId": "accuknox",
        "attributes": {
          "display_name": [
            "Delete roles in workspace"
          ],
          "module": [
            "account"
          ]
        }
      },
      {
        "id": "ce7b8a4b-f1bf-4997-bfc8-e228533357a8",
        "name": "save_datapipeline_channel",
        "description": "save-datapipeline-channel",
        "composite": false,
        "clientRole": false,
        "containerId": "accuknox",
        "attributes": {
          "display_name": [
            "save-datapipeline-channel"
          ],
          "module": [
            "datapipeline"
          ]
        }
      },
      {
        "id": "0e147865-6bba-49ae-9b15-644233c89e59",
        "name": "update_flagged_destination_profile",
        "description": "Update flagged destination profile",
        "composite": false,
        "clientRole": false,
        "containerId": "accuknox",
        "attributes": {
          "display_name": [
            "Update flagged destination profile"
          ],
          "module": [
            "scoop"
          ]
        }
      },
      {
        "id": "2890f986-0df6-4706-a891-15cc0373119b",
        "name": "edit_users",
        "description": "Edit users in workspace.",
        "composite": false,
        "clientRole": false,
        "containerId": "accuknox",
        "attributes": {
          "display_name": [
            "Edit users in workspace"
          ],
          "module": [
            "account"
          ]
        }
      },
      {
        "id": "59a28d6d-6791-4d32-a4f3-1418be61f267",
        "name": "get_label_entities",
        "description": "get_label_entities",
        "composite": false,
        "clientRole": false,
        "containerId": "accuknox",
        "attributes": {
          "display_name": [
            "get_label_entities"
          ],
          "module": [
            "policy"
          ]
        }
      },
      {
        "id": "ea5ba17c-7fd6-4565-8cce-21c44bfd4950",
        "name": "get_datapipeline",
        "description": "get-datapipeline",
        "composite": false,
        "clientRole": false,
        "containerId": "accuknox",
        "attributes": {
          "display_name": [
            "get-datapipeline"
          ],
          "module": [
            "datapipeline"
          ]
        }
      },
      {
        "id": "1086c556-03f5-4686-ada1-745e651fe6ff",
        "name": "get_datapipeline_flows",
        "description": "get-datapipeline-flows",
        "composite": false,
        "clientRole": false,
        "containerId": "accuknox",
        "attributes": {
          "display_name": [
            "Get-datapipeline-flows"
          ],
          "module": [
            "datapipeline"
          ]
        }
      },
      {
        "id": "e9f675dd-13d6-40cf-ba96-038b9b89fe47",
        "name": "update_roles",
        "description": "Update roles in workspace.",
        "composite": false,
        "clientRole": false,
        "containerId": "accuknox",
        "attributes": {
          "display_name": [
            "Update roles in workspace"
          ],
          "module": [
            "account"
          ]
        }
      },
      {
        "id": "22ed347a-560a-4ed3-ac73-d2e8431d2933",
        "name": "add_tags",
        "description": "add_tags",
        "composite": false,
        "clientRole": false,
        "containerId": "accuknox",
        "attributes": {
          "display_name": [
            "add_tags"
          ],
          "module": [
            "policy"
          ]
        }
      },
      {
        "id": "4035822d-4de5-4dd9-8448-7085a4917bda",
        "name": "default_platform_admin",
        "description": "Default platform admin.",
        "composite": true,
        "composites": {
          "client": {
            "realm-management": [
              "manage-authorization",
              "view-realm",
              "view-clients",
              "impersonation",
              "view-users",
              "realm-admin",
              "view-authorization",
              "manage-realm",
              "view-events",
              "query-groups",
              "manage-clients",
              "query-clients",
              "manage-users",
              "query-users",
              "view-identity-providers",
              "create-client",
              "query-realms",
              "manage-events",
              "manage-identity-providers"
            ],
            "broker": [
              "read-token"
            ],
            "account": [
              "manage-account",
              "view-applications",
              "manage-account-links",
              "view-profile",
              "delete-account",
              "manage-consent",
              "view-consent"
            ]
          }
        },
        "clientRole": false,
        "containerId": "accuknox",
        "attributes": {}
      },
      {
        "id": "cfa4f634-4afe-47df-8c76-4d634e918db5",
        "name": "get_all_clusters",
        "description": "Get all clusters.",
        "composite": false,
        "clientRole": false,
        "containerId": "accuknox",
        "attributes": {
          "display_name": [
            "Get all clusters"
          ],
          "module": [
            "cluster"
          ]
        }
      },
      {
        "id": "72039433-9f78-40ed-8bd6-0a9babe19707",
        "name": "view_list_of_flagged_dest_profiles",
        "description": "View list of flagged destination profiles.",
        "composite": false,
        "clientRole": false,
        "containerId": "accuknox",
        "attributes": {
          "display_name": [
            "View list of flagged destination profiles"
          ],
          "module": [
            "scoop"
          ]
        }
      },
      {
        "id": "e811cbe8-e137-4b07-8c79-39dd7f20bf8c",
        "name": "get_ws_users",
        "description": "Get workspace users.",
        "composite": false,
        "clientRole": false,
        "containerId": "accuknox",
        "attributes": {
          "display_name": [
            "Get workspace users"
          ],
          "module": [
            "account"
          ]
        }
      },
      {
        "id": "4b0e27d1-b8f9-4bcb-84e8-8bf4e68f7b0c",
        "name": "view_graph",
        "description": "View graph",
        "composite": false,
        "clientRole": false,
        "containerId": "accuknox",
        "attributes": {
          "name": [
            "scoop"
          ],
          "display_name": [
            "View graph"
          ]
        }
      },
      {
        "id": "7c3e6459-0ace-42a3-8258-940ae4a6a06e",
        "name": "view_list_of_data_sources",
        "description": "View list of data sources",
        "composite": false,
        "clientRole": false,
        "containerId": "accuknox",
        "attributes": {}
      },
      {
        "id": "6718a3f4-cdf9-4df6-8612-798608b45a63",
        "name": "default_user",
        "description": "Default user role.",
        "composite": false,
        "clientRole": false,
        "containerId": "accuknox",
        "attributes": {}
      },
      {
        "id": "3c9380ee-de4e-405f-9c22-f3656b4c6d01",
        "name": "delete_users",
        "description": "Delete users in workspace.",
        "composite": false,
        "clientRole": false,
        "containerId": "accuknox",
        "attributes": {
          "display_name": [
            "Delete users in workspace"
          ],
          "module": [
            "account"
          ]
        }
      }
    ]
  },
  "groups": [],
  "defaultRoles": [
    "uma_authorization",
    "offline_access"
  ],
  "requiredCredentials": [
    "password"
  ],
  "otpPolicyType": "totp",
  "otpPolicyAlgorithm": "HmacSHA1",
  "otpPolicyInitialCounter": 0,
  "otpPolicyDigits": 6,
  "otpPolicyLookAheadWindow": 1,
  "otpPolicyPeriod": 30,
  "otpSupportedApplications": [
    "FreeOTP",
    "Google Authenticator"
  ],
  "webAuthnPolicyRpEntityName": "keycloak",
  "webAuthnPolicySignatureAlgorithms": [
    "ES256"
  ],
  "webAuthnPolicyRpId": "",
  "webAuthnPolicyAttestationConveyancePreference": "not specified",
  "webAuthnPolicyAuthenticatorAttachment": "not specified",
  "webAuthnPolicyRequireResidentKey": "not specified",
  "webAuthnPolicyUserVerificationRequirement": "not specified",
  "webAuthnPolicyCreateTimeout": 0,
  "webAuthnPolicyAvoidSameAuthenticatorRegister": false,
  "webAuthnPolicyAcceptableAaguids": [],
  "webAuthnPolicyPasswordlessRpEntityName": "keycloak",
  "webAuthnPolicyPasswordlessSignatureAlgorithms": [
    "ES256"
  ],
  "webAuthnPolicyPasswordlessRpId": "",
  "webAuthnPolicyPasswordlessAttestationConveyancePreference": "not specified",
  "webAuthnPolicyPasswordlessAuthenticatorAttachment": "not specified",
  "webAuthnPolicyPasswordlessRequireResidentKey": "not specified",
  "webAuthnPolicyPasswordlessUserVerificationRequirement": "not specified",
  "webAuthnPolicyPasswordlessCreateTimeout": 0,
  "webAuthnPolicyPasswordlessAvoidSameAuthenticatorRegister": false,
  "webAuthnPolicyPasswordlessAcceptableAaguids": [],
  "scopeMappings": [
    {
      "clientScope": "offline_access",
      "roles": [
        "offline_access"
      ]
    }
  ],
  "clientScopes": [
    {
      "id": "8db797f7-7077-4448-bd4d-d6bca6edc7c4",
      "name": "address",
      "description": "OpenID Connect built-in scope: address",
      "protocol": "openid-connect",
      "attributes": {
        "include.in.token.scope": "true",
        "display.on.consent.screen": "true",
        "consent.screen.text": "${addressScopeConsentText}"
      },
      "protocolMappers": [
        {
          "id": "9298e2a5-d7e2-4482-9aa7-2c0b5e05a922",
          "name": "address",
          "protocol": "openid-connect",
          "protocolMapper": "oidc-address-mapper",
          "consentRequired": false,
          "config": {
            "user.attribute.formatted": "formatted",
            "user.attribute.country": "country",
            "user.attribute.postal_code": "postal_code",
            "userinfo.token.claim": "true",
            "user.attribute.street": "street",
            "id.token.claim": "true",
            "user.attribute.region": "region",
            "access.token.claim": "true",
            "user.attribute.locality": "locality"
          }
        }
      ]
    },
    {
      "id": "9bca351a-fcc0-45fa-b1d7-ce0029ad04c7",
      "name": "email",
      "description": "OpenID Connect built-in scope: email",
      "protocol": "openid-connect",
      "attributes": {
        "include.in.token.scope": "true",
        "display.on.consent.screen": "true",
        "consent.screen.text": "${emailScopeConsentText}"
      },
      "protocolMappers": [
        {
          "id": "41208e99-accc-4629-8420-dc13b57cc0b5",
          "name": "email verified",
          "protocol": "openid-connect",
          "protocolMapper": "oidc-usermodel-property-mapper",
          "consentRequired": false,
          "config": {
            "userinfo.token.claim": "true",
            "user.attribute": "emailVerified",
            "id.token.claim": "true",
            "access.token.claim": "true",
            "claim.name": "email_verified",
            "jsonType.label": "boolean"
          }
        },
        {
          "id": "02ecbc02-f983-4551-a5ab-3666cf494d49",
          "name": "email",
          "protocol": "openid-connect",
          "protocolMapper": "oidc-usermodel-property-mapper",
          "consentRequired": false,
          "config": {
            "userinfo.token.claim": "true",
            "user.attribute": "email",
            "id.token.claim": "true",
            "access.token.claim": "true",
            "claim.name": "email",
            "jsonType.label": "String"
          }
        }
      ]
    },
    {
      "id": "97ddf944-b9f5-4b9e-a420-19918a21fc44",
      "name": "microprofile-jwt",
      "description": "Microprofile - JWT built-in scope",
      "protocol": "openid-connect",
      "attributes": {
        "include.in.token.scope": "true",
        "display.on.consent.screen": "false"
      },
      "protocolMappers": [
        {
          "id": "15cdc53a-b6b2-492c-b06f-1e31d62bbae7",
          "name": "groups",
          "protocol": "openid-connect",
          "protocolMapper": "oidc-usermodel-realm-role-mapper",
          "consentRequired": false,
          "config": {
            "multivalued": "true",
            "user.attribute": "foo",
            "id.token.claim": "true",
            "access.token.claim": "true",
            "claim.name": "groups",
            "jsonType.label": "String"
          }
        },
        {
          "id": "efafabe3-9be0-4d1a-94dc-0cb2200687ac",
          "name": "upn",
          "protocol": "openid-connect",
          "protocolMapper": "oidc-usermodel-property-mapper",
          "consentRequired": false,
          "config": {
            "userinfo.token.claim": "true",
            "user.attribute": "username",
            "id.token.claim": "true",
            "access.token.claim": "true",
            "claim.name": "upn",
            "jsonType.label": "String"
          }
        }
      ]
    },
    {
      "id": "b95588a7-4985-4620-9bed-051994b126eb",
      "name": "offline_access",
      "description": "OpenID Connect built-in scope: offline_access",
      "protocol": "openid-connect",
      "attributes": {
        "consent.screen.text": "${offlineAccessScopeConsentText}",
        "display.on.consent.screen": "true"
      }
    },
    {
      "id": "56e16350-9e58-42f8-b273-a391ff23a426",
      "name": "phone",
      "description": "OpenID Connect built-in scope: phone",
      "protocol": "openid-connect",
      "attributes": {
        "include.in.token.scope": "true",
        "display.on.consent.screen": "true",
        "consent.screen.text": "${phoneScopeConsentText}"
      },
      "protocolMappers": [
        {
          "id": "156dab49-9708-4581-a66a-44ca2a9c95fb",
          "name": "phone number verified",
          "protocol": "openid-connect",
          "protocolMapper": "oidc-usermodel-attribute-mapper",
          "consentRequired": false,
          "config": {
            "userinfo.token.claim": "true",
            "user.attribute": "phoneNumberVerified",
            "id.token.claim": "true",
            "access.token.claim": "true",
            "claim.name": "phone_number_verified",
            "jsonType.label": "boolean"
          }
        },
        {
          "id": "9d80b908-5fd4-43f8-b86b-165acc62d224",
          "name": "phone number",
          "protocol": "openid-connect",
          "protocolMapper": "oidc-usermodel-attribute-mapper",
          "consentRequired": false,
          "config": {
            "userinfo.token.claim": "true",
            "user.attribute": "phoneNumber",
            "id.token.claim": "true",
            "access.token.claim": "true",
            "claim.name": "phone_number",
            "jsonType.label": "String"
          }
        }
      ]
    },
    {
      "id": "9f897594-5fc0-4325-84e4-4379cfc46ccc",
      "name": "profile",
      "description": "OpenID Connect built-in scope: profile",
      "protocol": "openid-connect",
      "attributes": {
        "include.in.token.scope": "true",
        "display.on.consent.screen": "true",
        "consent.screen.text": "${profileScopeConsentText}"
      },
      "protocolMappers": [
        {
          "id": "f68014df-fd5b-4443-9f0c-077b3252c32b",
          "name": "middle name",
          "protocol": "openid-connect",
          "protocolMapper": "oidc-usermodel-attribute-mapper",
          "consentRequired": false,
          "config": {
            "userinfo.token.claim": "true",
            "user.attribute": "middleName",
            "id.token.claim": "true",
            "access.token.claim": "true",
            "claim.name": "middle_name",
            "jsonType.label": "String"
          }
        },
        {
          "id": "686937b8-5ac8-47ac-b9f8-707fc86c2ba4",
          "name": "locale",
          "protocol": "openid-connect",
          "protocolMapper": "oidc-usermodel-attribute-mapper",
          "consentRequired": false,
          "config": {
            "userinfo.token.claim": "true",
            "user.attribute": "locale",
            "id.token.claim": "true",
            "access.token.claim": "true",
            "claim.name": "locale",
            "jsonType.label": "String"
          }
        },
        {
          "id": "aac20e6b-2af0-42b0-83c9-d85d2bf9eb76",
          "name": "birthdate",
          "protocol": "openid-connect",
          "protocolMapper": "oidc-usermodel-attribute-mapper",
          "consentRequired": false,
          "config": {
            "userinfo.token.claim": "true",
            "user.attribute": "birthdate",
            "id.token.claim": "true",
            "access.token.claim": "true",
            "claim.name": "birthdate",
            "jsonType.label": "String"
          }
        },
        {
          "id": "87692985-2e99-44d1-9475-a05bc52b57e4",
          "name": "picture",
          "protocol": "openid-connect",
          "protocolMapper": "oidc-usermodel-attribute-mapper",
          "consentRequired": false,
          "config": {
            "userinfo.token.claim": "true",
            "user.attribute": "picture",
            "id.token.claim": "true",
            "access.token.claim": "true",
            "claim.name": "picture",
            "jsonType.label": "String"
          }
        },
        {
          "id": "708a8d2d-229c-43e3-a588-6140cef404d4",
          "name": "given name",
          "protocol": "openid-connect",
          "protocolMapper": "oidc-usermodel-property-mapper",
          "consentRequired": false,
          "config": {
            "userinfo.token.claim": "true",
            "user.attribute": "firstName",
            "id.token.claim": "true",
            "access.token.claim": "true",
            "claim.name": "given_name",
            "jsonType.label": "String"
          }
        },
        {
          "id": "8fca683f-439e-4a42-a370-4c293d7c3f7b",
          "name": "profile",
          "protocol": "openid-connect",
          "protocolMapper": "oidc-usermodel-attribute-mapper",
          "consentRequired": false,
          "config": {
            "userinfo.token.claim": "true",
            "user.attribute": "profile",
            "id.token.claim": "true",
            "access.token.claim": "true",
            "claim.name": "profile",
            "jsonType.label": "String"
          }
        },
        {
          "id": "a2d6fbaa-2f72-40e9-ac9a-6dd073efccff",
          "name": "updated at",
          "protocol": "openid-connect",
          "protocolMapper": "oidc-usermodel-attribute-mapper",
          "consentRequired": false,
          "config": {
            "userinfo.token.claim": "true",
            "user.attribute": "updatedAt",
            "id.token.claim": "true",
            "access.token.claim": "true",
            "claim.name": "updated_at",
            "jsonType.label": "String"
          }
        },
        {
          "id": "51ec7683-0908-4f12-aa96-9a8c2cfc4772",
          "name": "gender",
          "protocol": "openid-connect",
          "protocolMapper": "oidc-usermodel-attribute-mapper",
          "consentRequired": false,
          "config": {
            "userinfo.token.claim": "true",
            "user.attribute": "gender",
            "id.token.claim": "true",
            "access.token.claim": "true",
            "claim.name": "gender",
            "jsonType.label": "String"
          }
        },
        {
          "id": "36fd0da4-0698-46ad-b719-82740d58e9e7",
          "name": "family name",
          "protocol": "openid-connect",
          "protocolMapper": "oidc-usermodel-property-mapper",
          "consentRequired": false,
          "config": {
            "userinfo.token.claim": "true",
            "user.attribute": "lastName",
            "id.token.claim": "true",
            "access.token.claim": "true",
            "claim.name": "family_name",
            "jsonType.label": "String"
          }
        },
        {
          "id": "ac120508-7b90-4697-adf6-b89665599912",
          "name": "zoneinfo",
          "protocol": "openid-connect",
          "protocolMapper": "oidc-usermodel-attribute-mapper",
          "consentRequired": false,
          "config": {
            "userinfo.token.claim": "true",
            "user.attribute": "zoneinfo",
            "id.token.claim": "true",
            "access.token.claim": "true",
            "claim.name": "zoneinfo",
            "jsonType.label": "String"
          }
        },
        {
          "id": "80dc23ba-ce04-4d80-970b-77b4f009057a",
          "name": "username",
          "protocol": "openid-connect",
          "protocolMapper": "oidc-usermodel-property-mapper",
          "consentRequired": false,
          "config": {
            "userinfo.token.claim": "true",
            "user.attribute": "username",
            "id.token.claim": "true",
            "access.token.claim": "true",
            "claim.name": "preferred_username",
            "jsonType.label": "String"
          }
        },
        {
          "id": "f14b8642-5261-42c7-9641-785104e3d086",
          "name": "nickname",
          "protocol": "openid-connect",
          "protocolMapper": "oidc-usermodel-attribute-mapper",
          "consentRequired": false,
          "config": {
            "userinfo.token.claim": "true",
            "user.attribute": "nickname",
            "id.token.claim": "true",
            "access.token.claim": "true",
            "claim.name": "nickname",
            "jsonType.label": "String"
          }
        },
        {
          "id": "8dd51313-d3aa-4cae-badb-2202d5324651",
          "name": "website",
          "protocol": "openid-connect",
          "protocolMapper": "oidc-usermodel-attribute-mapper",
          "consentRequired": false,
          "config": {
            "userinfo.token.claim": "true",
            "user.attribute": "website",
            "id.token.claim": "true",
            "access.token.claim": "true",
            "claim.name": "website",
            "jsonType.label": "String"
          }
        },
        {
          "id": "a036a7cd-24c3-4073-8ce2-d9615e374f97",
          "name": "full name",
          "protocol": "openid-connect",
          "protocolMapper": "oidc-full-name-mapper",
          "consentRequired": false,
          "config": {
            "id.token.claim": "true",
            "access.token.claim": "true",
            "userinfo.token.claim": "true"
          }
        }
      ]
    },
    {
      "id": "74b4c9fe-505d-4f06-9316-92d65a35b75f",
      "name": "role_list",
      "description": "SAML role list",
      "protocol": "saml",
      "attributes": {
        "consent.screen.text": "${samlRoleListScopeConsentText}",
        "display.on.consent.screen": "true"
      },
      "protocolMappers": [
        {
          "id": "c53fe082-d75d-4617-8522-a4e79e7026f7",
          "name": "role list",
          "protocol": "saml",
          "protocolMapper": "saml-role-list-mapper",
          "consentRequired": false,
          "config": {
            "single": "false",
            "attribute.nameformat": "Basic",
            "attribute.name": "Role"
          }
        }
      ]
    },
    {
      "id": "19e36cd3-5ce0-4a66-bff1-1cfe72c156d7",
      "name": "roles",
      "description": "OpenID Connect scope for add user roles to the access token",
      "protocol": "openid-connect",
      "attributes": {
        "include.in.token.scope": "false",
        "display.on.consent.screen": "true",
        "consent.screen.text": "${rolesScopeConsentText}"
      },
      "protocolMappers": [
        {
          "id": "62847d0a-d835-4376-90cb-b4c5330a3c0a",
          "name": "client roles",
          "protocol": "openid-connect",
          "protocolMapper": "oidc-usermodel-client-role-mapper",
          "consentRequired": false,
          "config": {
            "user.attribute": "foo",
            "access.token.claim": "true",
            "claim.name": "resource_access.${client_id}.roles",
            "jsonType.label": "String",
            "multivalued": "true"
          }
        },
        {
          "id": "8bf52d84-a43a-4ef0-b343-de462908d189",
          "name": "audience resolve",
          "protocol": "openid-connect",
          "protocolMapper": "oidc-audience-resolve-mapper",
          "consentRequired": false,
          "config": {}
        },
        {
          "id": "3c9f973b-f891-4b71-863e-3a21151ba468",
          "name": "realm roles",
          "protocol": "openid-connect",
          "protocolMapper": "oidc-usermodel-realm-role-mapper",
          "consentRequired": false,
          "config": {
            "user.attribute": "foo",
            "access.token.claim": "true",
            "claim.name": "realm_access.roles",
            "jsonType.label": "String",
            "multivalued": "true"
          }
        }
      ]
    },
    {
      "id": "b03b79fb-c645-4b39-b1fb-1417d0e201c9",
      "name": "web-origins",
      "description": "OpenID Connect scope for add allowed web origins to the access token",
      "protocol": "openid-connect",
      "attributes": {
        "include.in.token.scope": "false",
        "display.on.consent.screen": "false",
        "consent.screen.text": ""
      },
      "protocolMappers": [
        {
          "id": "9244ca63-b29d-49cd-8e29-6d1fb31619d7",
          "name": "allowed web origins",
          "protocol": "openid-connect",
          "protocolMapper": "oidc-allowed-origins-mapper",
          "consentRequired": false,
          "config": {}
        }
      ]
    }
  ],
  "defaultDefaultClientScopes": [
    "roles",
    "role_list",
    "email",
    "profile",
    "web-origins"
  ],
  "defaultOptionalClientScopes": [
    "phone",
    "address",
    "microprofile-jwt",
    "offline_access"
  ],
  "browserSecurityHeaders": {
    "contentSecurityPolicyReportOnly": "",
    "xContentTypeOptions": "nosniff",
    "xRobotsTag": "none",
    "xFrameOptions": "SAMEORIGIN",
    "contentSecurityPolicy": "frame-src 'self'; frame-ancestors 'self'; object-src 'none';",
    "xXSSProtection": "1; mode=block",
    "strictTransportSecurity": "max-age=31536000; includeSubDomains"
  },
  "smtpServer": {},
  "eventsEnabled": false,
  "eventsListeners": [
    "jboss-logging"
  ],
  "enabledEventTypes": [],
  "adminEventsEnabled": false,
  "adminEventsDetailsEnabled": false,
  "identityProviders": [
    {
      "alias": "test-dev",
      "internalId": "5a622455-21c1-4e63-a8a7-f240ee4277dd",
      "providerId": "oidc",
      "enabled": true,
      "updateProfileFirstLoginMode": "on",
      "trustEmail": false,
      "storeToken": false,
      "addReadTokenRoleOnCreate": false,
      "authenticateByDefault": false,
      "linkOnly": false,
      "firstBrokerLoginFlowAlias": "browser",
      "config": {
        "userInfoUrl": "https://accuknox.okta.com/oauth2/default/v1/userinfo",
        "validateSignature": "true",
        "clientId": "0oa1l4jf0w69xLqnP696",
        "tokenUrl": "https://accuknox.okta.com/oauth2/default/v1/token",
        "jwksUrl": "https://accuknox.okta.com/oauth2/default/v1/keys",
        "issuer": "https://accuknox.okta.com/oauth2/default",
        "useJwksUrl": "true",
        "authorizationUrl": "https://accuknox.okta.com/oauth2/default/v1/authorize",
        "clientAuthMethod": "client_secret_post",
        "logoutUrl": "https://accuknox.okta.com/oauth2/default/v1/logout",
        "syncMode": "IMPORT",
        "clientSecret": "**********"
      }
    }
  ],
  "identityProviderMappers": [],
  "components": {
    "org.keycloak.services.clientregistration.policy.ClientRegistrationPolicy": [
      {
        "id": "6704ded9-bc0a-4d85-bd08-13837c3da5c1",
        "name": "Allowed Protocol Mapper Types",
        "providerId": "allowed-protocol-mappers",
        "subType": "anonymous",
        "subComponents": {},
        "config": {
          "allowed-protocol-mapper-types": [
            "saml-user-attribute-mapper",
            "saml-role-list-mapper",
            "oidc-usermodel-property-mapper",
            "oidc-usermodel-attribute-mapper",
            "oidc-full-name-mapper",
            "saml-user-property-mapper",
            "oidc-address-mapper",
            "oidc-sha256-pairwise-sub-mapper"
          ]
        }
      },
      {
        "id": "1a4925af-5208-4c41-a593-0c1a909ceae0",
        "name": "Allowed Client Scopes",
        "providerId": "allowed-client-templates",
        "subType": "anonymous",
        "subComponents": {},
        "config": {
          "allow-default-scopes": [
            "true"
          ]
        }
      },
      {
        "id": "c75549b1-51f3-4665-8f3c-8e2b6c319651",
        "name": "Allowed Protocol Mapper Types",
        "providerId": "allowed-protocol-mappers",
        "subType": "authenticated",
        "subComponents": {},
        "config": {
          "allowed-protocol-mapper-types": [
            "oidc-full-name-mapper",
            "oidc-sha256-pairwise-sub-mapper",
            "saml-role-list-mapper",
            "oidc-usermodel-attribute-mapper",
            "oidc-address-mapper",
            "saml-user-property-mapper",
            "oidc-usermodel-property-mapper",
            "saml-user-attribute-mapper"
          ]
        }
      },
      {
        "id": "870d9040-ba91-4723-bd28-a09988e668c0",
        "name": "Trusted Hosts",
        "providerId": "trusted-hosts",
        "subType": "anonymous",
        "subComponents": {},
        "config": {
          "host-sending-registration-request-must-match": [
            "true"
          ],
          "client-uris-must-match": [
            "true"
          ]
        }
      },
      {
        "id": "9e81e158-eb14-406c-8761-f5081b094a38",
        "name": "Full Scope Disabled",
        "providerId": "scope",
        "subType": "anonymous",
        "subComponents": {},
        "config": {}
      },
      {
        "id": "6108e5b4-a7cd-4886-b5ae-4cfd2d880257",
        "name": "Max Clients Limit",
        "providerId": "max-clients",
        "subType": "anonymous",
        "subComponents": {},
        "config": {
          "max-clients": [
            "200"
          ]
        }
      },
      {
        "id": "47501933-effb-4d95-8f58-e7f0dcdecf28",
        "name": "Consent Required",
        "providerId": "consent-required",
        "subType": "anonymous",
        "subComponents": {},
        "config": {}
      },
      {
        "id": "06b883ef-3136-4994-9e83-0e4f7b06d39b",
        "name": "Allowed Client Scopes",
        "providerId": "allowed-client-templates",
        "subType": "authenticated",
        "subComponents": {},
        "config": {
          "allow-default-scopes": [
            "true"
          ]
        }
      }
    ],
    "org.keycloak.keys.KeyProvider": [
      {
        "id": "a991af3d-55be-4331-b6e0-ea9411e42451",
        "name": "hmac-generated",
        "providerId": "hmac-generated",
        "subComponents": {},
        "config": {
          "priority": [
            "100"
          ],
          "algorithm": [
            "HS256"
          ]
        }
      },
      {
        "id": "8141fa28-18cd-4628-956f-621473520b72",
        "name": "rsa-generated",
        "providerId": "rsa-generated",
        "subComponents": {},
        "config": {
          "priority": [
            "100"
          ]
        }
      },
      {
        "id": "ade9a35d-de78-4d9e-91d3-c8b0259f67c4",
        "name": "aes-generated",
        "providerId": "aes-generated",
        "subComponents": {},
        "config": {
          "priority": [
            "100"
          ]
        }
      }
    ]
  },
  "internationalizationEnabled": false,
  "supportedLocales": [],
  "authenticationFlows": [
    {
      "id": "5809da50-2c97-4a9a-8aa0-9a5567a12e9a",
      "alias": "Account verification options",
      "description": "Method with which to verity the existing account",
      "providerId": "basic-flow",
      "topLevel": false,
      "builtIn": true,
      "authenticationExecutions": [
        {
          "authenticator": "idp-email-verification",
          "requirement": "DISABLED",
          "priority": 10,
          "userSetupAllowed": false,
          "autheticatorFlow": false
        },
        {
          "requirement": "DISABLED",
          "priority": 20,
          "flowAlias": "Verify Existing Account by Re-authentication",
          "userSetupAllowed": false,
          "autheticatorFlow": true
        }
      ]
    },
    {
      "id": "423316f4-d181-4d8b-99ce-9bc3db853aa7",
      "alias": "Authentication Options",
      "description": "Authentication options.",
      "providerId": "basic-flow",
      "topLevel": false,
      "builtIn": true,
      "authenticationExecutions": [
        {
          "authenticator": "basic-auth",
          "requirement": "REQUIRED",
          "priority": 10,
          "userSetupAllowed": false,
          "autheticatorFlow": false
        },
        {
          "authenticator": "basic-auth-otp",
          "requirement": "DISABLED",
          "priority": 20,
          "userSetupAllowed": false,
          "autheticatorFlow": false
        },
        {
          "authenticator": "auth-spnego",
          "requirement": "DISABLED",
          "priority": 30,
          "userSetupAllowed": false,
          "autheticatorFlow": false
        }
      ]
    },
    {
      "id": "7b1160db-826b-4076-ac6f-02dd137e8d44",
      "alias": "Browser - Conditional OTP",
      "description": "Flow to determine if the OTP is required for the authentication",
      "providerId": "basic-flow",
      "topLevel": false,
      "builtIn": true,
      "authenticationExecutions": [
        {
          "authenticator": "conditional-user-configured",
          "requirement": "REQUIRED",
          "priority": 10,
          "userSetupAllowed": false,
          "autheticatorFlow": false
        },
        {
          "authenticator": "auth-otp-form",
          "requirement": "REQUIRED",
          "priority": 20,
          "userSetupAllowed": false,
          "autheticatorFlow": false
        }
      ]
    },
    {
      "id": "88a2af3d-0878-4eef-b84a-1b9232ed7ee8",
      "alias": "Direct Grant - Conditional OTP",
      "description": "Flow to determine if the OTP is required for the authentication",
      "providerId": "basic-flow",
      "topLevel": false,
      "builtIn": true,
      "authenticationExecutions": [
        {
          "authenticator": "conditional-user-configured",
          "requirement": "REQUIRED",
          "priority": 10,
          "userSetupAllowed": false,
          "autheticatorFlow": false
        },
        {
          "authenticator": "direct-grant-validate-otp",
          "requirement": "REQUIRED",
          "priority": 20,
          "userSetupAllowed": false,
          "autheticatorFlow": false
        }
      ]
    },
    {
      "id": "8ffec14a-9e95-47e4-8e95-d679e335b35f",
      "alias": "First broker login - Conditional OTP",
      "description": "Flow to determine if the OTP is required for the authentication",
      "providerId": "basic-flow",
      "topLevel": false,
      "builtIn": true,
      "authenticationExecutions": [
        {
          "authenticator": "conditional-user-configured",
          "requirement": "REQUIRED",
          "priority": 10,
          "userSetupAllowed": false,
          "autheticatorFlow": false
        },
        {
          "authenticator": "auth-otp-form",
          "requirement": "REQUIRED",
          "priority": 20,
          "userSetupAllowed": false,
          "autheticatorFlow": false
        }
      ]
    },
    {
      "id": "67eae414-b79d-4a7c-b71d-3b9cfb73f62b",
      "alias": "Handle Existing Account",
      "description": "Handle what to do if there is existing account with same email/username like authenticated identity provider",
      "providerId": "basic-flow",
      "topLevel": false,
      "builtIn": true,
      "authenticationExecutions": [
        {
          "authenticator": "idp-confirm-link",
          "requirement": "DISABLED",
          "priority": 10,
          "userSetupAllowed": false,
          "autheticatorFlow": false
        },
        {
          "requirement": "REQUIRED",
          "priority": 20,
          "flowAlias": "Account verification options",
          "userSetupAllowed": false,
          "autheticatorFlow": true
        }
      ]
    },
    {
      "id": "6ae7e34d-ef5a-49ef-a2f6-5ce886afc681",
      "alias": "Reset - Conditional OTP",
      "description": "Flow to determine if the OTP should be reset or not. Set to REQUIRED to force.",
      "providerId": "basic-flow",
      "topLevel": false,
      "builtIn": true,
      "authenticationExecutions": [
        {
          "authenticator": "conditional-user-configured",
          "requirement": "REQUIRED",
          "priority": 10,
          "userSetupAllowed": false,
          "autheticatorFlow": false
        },
        {
          "authenticator": "reset-otp",
          "requirement": "REQUIRED",
          "priority": 20,
          "userSetupAllowed": false,
          "autheticatorFlow": false
        }
      ]
    },
    {
      "id": "6ee4836b-d5c2-4105-a532-949fe915964d",
      "alias": "User creation or linking",
      "description": "Flow for the existing/non-existing user alternatives",
      "providerId": "basic-flow",
      "topLevel": false,
      "builtIn": true,
      "authenticationExecutions": [
        {
          "authenticatorConfig": "create unique user config",
          "authenticator": "idp-create-user-if-unique",
          "requirement": "DISABLED",
          "priority": 10,
          "userSetupAllowed": false,
          "autheticatorFlow": false
        },
        {
          "requirement": "DISABLED",
          "priority": 20,
          "flowAlias": "Handle Existing Account",
          "userSetupAllowed": false,
          "autheticatorFlow": true
        }
      ]
    },
    {
      "id": "f76fdc6c-14b5-46e6-ab40-2259e4369654",
      "alias": "Verify Existing Account by Re-authentication",
      "description": "Reauthentication of existing account",
      "providerId": "basic-flow",
      "topLevel": false,
      "builtIn": true,
      "authenticationExecutions": [
        {
          "authenticator": "idp-username-password-form",
          "requirement": "REQUIRED",
          "priority": 10,
          "userSetupAllowed": false,
          "autheticatorFlow": false
        },
        {
          "requirement": "CONDITIONAL",
          "priority": 20,
          "flowAlias": "First broker login - Conditional OTP",
          "userSetupAllowed": false,
          "autheticatorFlow": true
        }
      ]
    },
    {
      "id": "e7683482-d314-448c-a5f7-45f72d367261",
      "alias": "browser",
      "description": "browser based authentication",
      "providerId": "basic-flow",
      "topLevel": true,
      "builtIn": true,
      "authenticationExecutions": [
        {
          "authenticator": "auth-cookie",
          "requirement": "ALTERNATIVE",
          "priority": 10,
          "userSetupAllowed": false,
          "autheticatorFlow": false
        },
        {
          "authenticator": "auth-spnego",
          "requirement": "DISABLED",
          "priority": 20,
          "userSetupAllowed": false,
          "autheticatorFlow": false
        },
        {
          "authenticator": "identity-provider-redirector",
          "requirement": "ALTERNATIVE",
          "priority": 25,
          "userSetupAllowed": false,
          "autheticatorFlow": false
        },
        {
          "requirement": "ALTERNATIVE",
          "priority": 30,
          "flowAlias": "forms",
          "userSetupAllowed": false,
          "autheticatorFlow": true
        }
      ]
    },
    {
      "id": "c9b9e6b8-3525-4e7c-b6e8-a6731a3f89a0",
      "alias": "clients",
      "description": "Base authentication for clients",
      "providerId": "client-flow",
      "topLevel": true,
      "builtIn": true,
      "authenticationExecutions": [
        {
          "authenticator": "client-secret",
          "requirement": "ALTERNATIVE",
          "priority": 10,
          "userSetupAllowed": false,
          "autheticatorFlow": false
        },
        {
          "authenticator": "client-jwt",
          "requirement": "ALTERNATIVE",
          "priority": 20,
          "userSetupAllowed": false,
          "autheticatorFlow": false
        },
        {
          "authenticator": "client-secret-jwt",
          "requirement": "ALTERNATIVE",
          "priority": 30,
          "userSetupAllowed": false,
          "autheticatorFlow": false
        },
        {
          "authenticator": "client-x509",
          "requirement": "ALTERNATIVE",
          "priority": 40,
          "userSetupAllowed": false,
          "autheticatorFlow": false
        }
      ]
    },
    {
      "id": "e044d10b-013f-49c6-b6fd-3c2e2408807e",
      "alias": "direct grant",
      "description": "OpenID Connect Resource Owner Grant",
      "providerId": "basic-flow",
      "topLevel": true,
      "builtIn": true,
      "authenticationExecutions": [
        {
          "authenticator": "direct-grant-validate-username",
          "requirement": "REQUIRED",
          "priority": 10,
          "userSetupAllowed": false,
          "autheticatorFlow": false
        },
        {
          "authenticator": "direct-grant-validate-password",
          "requirement": "REQUIRED",
          "priority": 20,
          "userSetupAllowed": false,
          "autheticatorFlow": false
        },
        {
          "requirement": "CONDITIONAL",
          "priority": 30,
          "flowAlias": "Direct Grant - Conditional OTP",
          "userSetupAllowed": false,
          "autheticatorFlow": true
        }
      ]
    },
    {
      "id": "f61602e4-f352-44f8-b80a-fd265afe4739",
      "alias": "docker auth",
      "description": "Used by Docker clients to authenticate against the IDP",
      "providerId": "basic-flow",
      "topLevel": true,
      "builtIn": true,
      "authenticationExecutions": [
        {
          "authenticator": "docker-http-basic-authenticator",
          "requirement": "REQUIRED",
          "priority": 10,
          "userSetupAllowed": false,
          "autheticatorFlow": false
        }
      ]
    },
    {
      "id": "40d128f5-ad10-4e3c-a681-345a343ea0c9",
      "alias": "first broker login",
      "description": "Actions taken after first broker login with identity provider account, which is not yet linked to any Keycloak account",
      "providerId": "basic-flow",
      "topLevel": true,
      "builtIn": true,
      "authenticationExecutions": [
        {
          "authenticatorConfig": "review profile config",
          "authenticator": "idp-review-profile",
          "requirement": "REQUIRED",
          "priority": 10,
          "userSetupAllowed": false,
          "autheticatorFlow": false
        },
        {
          "requirement": "DISABLED",
          "priority": 20,
          "flowAlias": "User creation or linking",
          "userSetupAllowed": false,
          "autheticatorFlow": true
        }
      ]
    },
    {
      "id": "c2a3f127-9670-41e3-9578-56eddcf4c0fd",
      "alias": "forms",
      "description": "Username, password, otp and other auth forms.",
      "providerId": "basic-flow",
      "topLevel": false,
      "builtIn": true,
      "authenticationExecutions": [
        {
          "authenticator": "auth-username-password-form",
          "requirement": "REQUIRED",
          "priority": 10,
          "userSetupAllowed": false,
          "autheticatorFlow": false
        },
        {
          "requirement": "CONDITIONAL",
          "priority": 20,
          "flowAlias": "Browser - Conditional OTP",
          "userSetupAllowed": false,
          "autheticatorFlow": true
        }
      ]
    },
    {
      "id": "7b14a1ad-03b9-49d3-8f4e-fa363edbda58",
      "alias": "http challenge",
      "description": "An authentication flow based on challenge-response HTTP Authentication Schemes",
      "providerId": "basic-flow",
      "topLevel": true,
      "builtIn": true,
      "authenticationExecutions": [
        {
          "authenticator": "no-cookie-redirect",
          "requirement": "REQUIRED",
          "priority": 10,
          "userSetupAllowed": false,
          "autheticatorFlow": false
        },
        {
          "requirement": "REQUIRED",
          "priority": 20,
          "flowAlias": "Authentication Options",
          "userSetupAllowed": false,
          "autheticatorFlow": true
        }
      ]
    },
    {
      "id": "7701ad41-c43f-4f38-aeaa-1942f87d6c27",
      "alias": "new_flow",
      "description": "",
      "providerId": "basic-flow",
      "topLevel": true,
      "builtIn": false,
      "authenticationExecutions": []
    },
    {
      "id": "67d0f912-463e-4769-902a-f1f481103cb0",
      "alias": "registration",
      "description": "registration flow",
      "providerId": "basic-flow",
      "topLevel": true,
      "builtIn": true,
      "authenticationExecutions": [
        {
          "authenticator": "registration-page-form",
          "requirement": "REQUIRED",
          "priority": 10,
          "flowAlias": "registration form",
          "userSetupAllowed": false,
          "autheticatorFlow": true
        }
      ]
    },
    {
      "id": "48bfe52a-5455-42ae-9e50-1666c4d44a83",
      "alias": "registration form",
      "description": "registration form",
      "providerId": "form-flow",
      "topLevel": false,
      "builtIn": true,
      "authenticationExecutions": [
        {
          "authenticator": "registration-user-creation",
          "requirement": "REQUIRED",
          "priority": 20,
          "userSetupAllowed": false,
          "autheticatorFlow": false
        },
        {
          "authenticator": "registration-profile-action",
          "requirement": "REQUIRED",
          "priority": 40,
          "userSetupAllowed": false,
          "autheticatorFlow": false
        },
        {
          "authenticator": "registration-password-action",
          "requirement": "REQUIRED",
          "priority": 50,
          "userSetupAllowed": false,
          "autheticatorFlow": false
        },
        {
          "authenticator": "registration-recaptcha-action",
          "requirement": "DISABLED",
          "priority": 60,
          "userSetupAllowed": false,
          "autheticatorFlow": false
        }
      ]
    },
    {
      "id": "4d6f4cd8-23b5-49a7-8912-3d23d14dcabf",
      "alias": "reset credentials",
      "description": "Reset credentials for a user if they forgot their password or something",
      "providerId": "basic-flow",
      "topLevel": true,
      "builtIn": true,
      "authenticationExecutions": [
        {
          "authenticator": "reset-credentials-choose-user",
          "requirement": "REQUIRED",
          "priority": 10,
          "userSetupAllowed": false,
          "autheticatorFlow": false
        },
        {
          "authenticator": "reset-credential-email",
          "requirement": "REQUIRED",
          "priority": 20,
          "userSetupAllowed": false,
          "autheticatorFlow": false
        },
        {
          "authenticator": "reset-password",
          "requirement": "REQUIRED",
          "priority": 30,
          "userSetupAllowed": false,
          "autheticatorFlow": false
        },
        {
          "requirement": "CONDITIONAL",
          "priority": 40,
          "flowAlias": "Reset - Conditional OTP",
          "userSetupAllowed": false,
          "autheticatorFlow": true
        }
      ]
    },
    {
      "id": "b59ffa58-bdd1-4d00-859e-577ca97c253c",
      "alias": "saml ecp",
      "description": "SAML ECP Profile Authentication Flow",
      "providerId": "basic-flow",
      "topLevel": true,
      "builtIn": true,
      "authenticationExecutions": [
        {
          "authenticator": "http-basic-authenticator",
          "requirement": "REQUIRED",
          "priority": 10,
          "userSetupAllowed": false,
          "autheticatorFlow": false
        }
      ]
    }
  ],
  "authenticatorConfig": [
    {
      "id": "c63fa7f7-fbf5-49ca-abf9-afd16b30b714",
      "alias": "create unique user config",
      "config": {
        "require.password.update.after.registration": "false"
      }
    },
    {
      "id": "d58fffbe-9e93-401d-b62c-eb4b03a7b05d",
      "alias": "review profile config",
      "config": {
        "update.profile.on.first.login": "off"
      }
    }
  ],
  "requiredActions": [
    {
      "alias": "CONFIGURE_TOTP",
      "name": "Configure OTP",
      "providerId": "CONFIGURE_TOTP",
      "enabled": true,
      "defaultAction": false,
      "priority": 10,
      "config": {}
    },
    {
      "alias": "terms_and_conditions",
      "name": "Terms and Conditions",
      "providerId": "terms_and_conditions",
      "enabled": false,
      "defaultAction": false,
      "priority": 20,
      "config": {}
    },
    {
      "alias": "UPDATE_PASSWORD",
      "name": "Update Password",
      "providerId": "UPDATE_PASSWORD",
      "enabled": true,
      "defaultAction": false,
      "priority": 30,
      "config": {}
    },
    {
      "alias": "UPDATE_PROFILE",
      "name": "Update Profile",
      "providerId": "UPDATE_PROFILE",
      "enabled": true,
      "defaultAction": false,
      "priority": 40,
      "config": {}
    },
    {
      "alias": "VERIFY_EMAIL",
      "name": "Verify Email",
      "providerId": "VERIFY_EMAIL",
      "enabled": true,
      "defaultAction": false,
      "priority": 50,
      "config": {}
    },
    {
      "alias": "delete_account",
      "name": "Delete Account",
      "providerId": "delete_account",
      "enabled": false,
      "defaultAction": false,
      "priority": 60,
      "config": {}
    },
    {
      "alias": "update_user_locale",
      "name": "Update User Locale",
      "providerId": "update_user_locale",
      "enabled": true,
      "defaultAction": false,
      "priority": 1000,
      "config": {}
    }
  ],
  "browserFlow": "browser",
  "registrationFlow": "registration",
  "directGrantFlow": "direct grant",
  "resetCredentialsFlow": "reset credentials",
  "clientAuthenticationFlow": "clients",
  "dockerAuthenticationFlow": "docker auth",
  "attributes": {
    "clientOfflineSessionMaxLifespan": "0",
    "clientSessionIdleTimeout": "0",
    "clientSessionMaxLifespan": "0",
    "clientOfflineSessionIdleTimeout": "0"
  },
  "keycloakVersion": "12.0.2",
  "userManagedAccessAllowed": true
}