 {
    "tableName": "audit_Log",
    "tableType": "REALTIME",
    "segmentsConfig": {
      "timeType": "MILLISECONDS",
      "schemaName": "audit_log_schema",
      "timeColumnName": "TimestampInEpoch",
     "retentionTimeUnit": "MILLISECONDS",
      "retentionTimeValue": "2592000000",
      "replicasPerPartition": "1"
    },
    "tenants": {
      "broker": "DefaultTenant",
      "server": "DefaultTenant"
    },
    "tableIndexConfig": {
      "loadMode": "MMAP",
      "autoGeneratedInvertedIndex": false,
      "createInvertedIndexDuringSegmentGeneration": false,
      "streamConfigs": {
        "streamType": "kafka",
        "stream.kafka.consumer.type": "lowlevel",
        "stream.kafka.topic.name": "audit-log-topic",
        "stream.kafka.decoder.class.name": "org.apache.pinot.plugin.stream.kafka.KafkaJSONMessageDecoder",
        "stream.kafka.consumer.factory.class.name": "org.apache.pinot.plugin.stream.kafka20.KafkaConsumerFactory",
        "stream.kafka.broker.list": "accuknox-kafka-bootstrap.accuknox-kafka.svc.cluster.local:9092",
        "realtime.segment.flush.threshold.size": "0",
        "realtime.segment.flush.threshold.time": "24h",
        "realtime.segment.flush.desired.size": "50M",
        "stream.kafka.consumer.prop.auto.offset.reset": "smallest"
      },
      "enableDefaultStarTree": false,
      "enableDynamicStarTreeCreation": false,
      "aggregateMetrics": false,
      "nullHandlingEnabled": false
    },
    "metadata": {
      "customConfigs": {}
    }
}
