{
  "tableName": "cilium_metrics_17thmarchdemo",
  "tableType": "REALTIME",
  "segmentsConfig": {
    "timeColumnName": "timestampInEpoch",
    "timeType": "MILLISECONDS",
    "schemaName": "cilium_metrics_demo17thmarch",
    "replicasPerPartition": "1"
  },
  "tenants": {},
  "tableIndexConfig": {
    "loadMode": "MMAP",
    "streamConfigs": {
      "streamType": "kafka",
      "stream.kafka.consumer.type": "lowlevel",
      "stream.kafka.topic.name": "output-cilium-topic",
      "stream.kafka.decoder.class.name": "org.apache.pinot.plugin.stream.kafka.KafkaJSONMessageDecoder",
      "stream.kafka.consumer.factory.class.name": "org.apache.pinot.plugin.stream.kafka20.KafkaConsumerFactory",
      "stream.kafka.broker.list": "accuknox-kafka-bootstrap.accuknox-kafka.svc.cluster.local:9092",
      "realtime.segment.flush.threshold.size": "0",
      "realtime.segment.flush.threshold.time": "24h",
     "realtime.segment.flush.desired.size": "50M",
      "stream.kafka.consumer.prop.auto.offset.reset": "smallest"
    }
  },
  "metadata": {
    "customConfigs": {}
  }
}