{
  "tableName": "cilium_flow_info",
  "tableType": "REALTIME",
  "segmentsConfig": {
    "timeColumnName": "timestampInEpoch",
    "timeType": "MILLISECONDS",
    "schemaName": "cilium_flow_info",
    "replicasPerPartition": "1",
"retentionTimeUnit": "MILLISECONDS",
      "retentionTimeValue": "7776000000"
  },
  "tenants": {},
  "tableIndexConfig": {
    "loadMode": "MMAP",
    "streamConfigs": {
      "streamType": "kafka",
      "stream.kafka.consumer.type": "lowlevel",
      "stream.kafka.topic.name": "output-cilum-flow-info",
      "stream.kafka.decoder.class.name": "org.apache.pinot.plugin.stream.kafka.KafkaJSONMessageDecoder",
      "stream.kafka.consumer.factory.class.name": "org.apache.pinot.plugin.stream.kafka20.KafkaConsumerFactory",
      "stream.kafka.broker.list": "accuknox-kafka-bootstrap.accuknox-kafka.svc.cluster.local:9092",
      "realtime.segment.flush.threshold.size": "0",
      "realtime.segment.flush.threshold.time": "24h",
     "realtime.segment.flush.desired.size": "50M",
      "stream.kafka.consumer.prop.auto.offset.reset": "smallest"
    },
      "sortedColumn": [
        "timestampInEpoch"
      ],
      "invertedIndexColumns": [
        "cluster_name",
        "tenant_id",
        "flow_source_namespace",
        "flow_node_name",
        "flow_destination_namespace",
        "flow_traffic_direction",
        "flow_destination_pod_name",
        "flow_source_pod_name",
		"flow_l7_http_protocol",
		"flow_l7_http_code",
		"flow_l7_http_method",
		"protocolType"
      ],
	  "bloomFilterColumns": [
        "tenant_id",
        "cluster_id"
      ]
  },
  "metadata": {
    "customConfigs": {}
  }
}
