{
  "tableName": "data_protection_log",
  "tableType": "REALTIME",
  "segmentsConfig": {
    "timeColumnName": "timestamp",
    "timeType": "SECONDS",
    "schemaName": "data_protection_log_schema",
    "replicasPerPartition": "1",
"retentionTimeUnit": "MILLISECONDS",
      "retentionTimeValue": "7776000000"
  },
  "tenants": {},
  "tableIndexConfig": {
    "loadMode": "MMAP",
    "streamConfigs": {
      "streamType": "kafka",
      "stream.kafka.consumer.type": "lowlevel",
      "stream.kafka.topic.name": "dp-db-audit-logs-processed",
      "stream.kafka.decoder.class.name": "org.apache.pinot.plugin.stream.kafka.KafkaJSONMessageDecoder",
      "stream.kafka.consumer.factory.class.name": "org.apache.pinot.plugin.stream.kafka20.KafkaConsumerFactory",
      "stream.kafka.broker.list": "accuknox-kafka-bootstrap.accuknox-kafka.svc.cluster.local:9092",
      "realtime.segment.flush.threshold.size": "0",
      "realtime.segment.flush.threshold.time": "24h",
     "realtime.segment.flush.desired.size": "50M",
      "stream.kafka.consumer.prop.auto.offset.reset": "smallest"
    },
      "sortedColumn": [
        "timestamp"
      ],
      "invertedIndexColumns": [
		"workspace_id",
		"database_name"
      ],
	  "bloomFilterColumns": [
        "workspace_id",
      "user"
      ]
  },
  "metadata": {
    "customConfigs": {}
  }
}
