{
    "tableName": "kubearmor_alerts",
    "tableType": "REALTIME",
    "segmentsConfig": {
      "schemaName": "kubearmor_alerts",
      "timeType": "MILLISECONDS",
      "timeColumnName": "timestampInEpoch",
      "replicasPerPartition": "1",
	    "retentionTimeUnit": "MILLISECONDS",
      "retentionTimeValue": "7776000000"
    },
	"tenants": {},
    "tableIndexConfig": {
      "aggregateMetrics": false,
      "nullHandlingEnabled": false,
      "enableDefaultStarTree": false,
      "enableDynamicStarTreeCreation": false,
      "autoGeneratedInvertedIndex": false,
      "createInvertedIndexDuringSegmentGeneration": false,
      "streamConfigs": {
        "streamType": "kafka",
        "stream.kafka.consumer.type": "lowlevel",
        "stream.kafka.topic.name": "kubearmor-alerts-output-topic",
        "stream.kafka.decoder.class.name": "org.apache.pinot.plugin.stream.kafka.KafkaJSONMessageDecoder",
        "stream.kafka.consumer.factory.class.name": "org.apache.pinot.plugin.stream.kafka20.KafkaConsumerFactory",
        "stream.kafka.broker.list": "accuknox-kafka-bootstrap.accuknox-kafka.svc.cluster.local:9092",
        "realtime.segment.flush.threshold.size": "0",
        "realtime.segment.flush.threshold.time": "24h",
        "realtime.segment.flush.desired.size": "50M",
        "stream.kafka.consumer.prop.auto.offset.reset": "smallest"
      },
      "loadMode": "MMAP",
      "sortedColumn": [
        "timestampInEpoch"
      ],
      "invertedIndexColumns": [
        "hostName",
        "tenantId",
        "clusterName",
        "action",
        "containerName",
        "podName",
        "namespaceName",
		"operation",
		"severity",
		"policyName"
      ],
	  "bloomFilterColumns": [
        "tenantId",
        "clusterId"
      ]
    },
    "metadata": {
      "customConfigs": {}
    }
}
