{
"tableName": "s3_direct_audit_logs",
"tableType": "REALTIME",
"segmentsConfig": {
"timeColumnName": "time",
"timeType": "SECONDS",
"schemaName": "s3_audit_log_schema_v2",
"replicasPerPartition": "1",
  "retentionTimeUnit": "SECONDS",
      "retentionTimeValue": "7776000"
},
"tenants": {},
"tableIndexConfig": {
"loadMode": "MMAP",
"streamConfigs": {
"streamType": "kafka",
"stream.kafka.consumer.type": "lowlevel",
"stream.kafka.topic.name": "s3-audit-logs",
"stream.kafka.decoder.class.name": "org.apache.pinot.plugin.stream.kafka.KafkaJSONMessageDecoder",
"stream.kafka.consumer.factory.class.name": "org.apache.pinot.plugin.stream.kafka20.KafkaConsumerFactory",
"stream.kafka.broker.list": "accuknox-kafka-bootstrap.accuknox-kafka.svc.cluster.local:9092",
"realtime.segment.flush.threshold.size": "0",
"realtime.segment.flush.threshold.time": "24h",
"realtime.segment.flush.desired.size": "50M",
"stream.kafka.consumer.prop.auto.offset.reset": "smallest"
},
  "sortedColumn": [
        "time"
      ],
      "invertedIndexColumns": [
        "workspace_id"
        
      ],
	  "bloomFilterColumns": [
        "workspace_id"
      ]
},
"metadata": {
"customConfigs": {}
}
}
